drug,name,g_id,smiles,,,,,,,,,,
CHEMBL17639,1546,0,C1C(C(OC1N2C=NC3=C(N=C(N=C32)Cl)N)CO)O,,,,,,,,,,
NSC169534,1691,1,CC1C(C(CC(O1)OC2CC(CC3=C2C(=C4C(=C3O)C(=O)C5=C(C4=O)C(=CC=C5)OC)O)(C(=O)CO)O)N)O,,,,,,,,,,
"Azacytidine, 5-",1805,2,C1=NC(=NC(=O)N1C2C(C(C(O2)CO)O)O)N,,,,,,,,,,
altretamine,2123,3,CN(C)C1=NC(=NC(=N1)N(C)C)N(C)C,,,,,,,,,,
amifostine,2141,4,C(CN)CNCCSP(=O)(O)O,,,,,,,,,,
anastrozole,2187,5,CC(C)(C#N)C1=CC(=CC(=C1)CN2C=NC=N2)C(C)(C)C#N,,,,,,,,,,
bepridil,2351,6,CC(C)COCC(CN(CC1=CC=CC=C1)C2=CC=CC=C2)N3CCCC3,,,,,,,,,,
busulfan,2478,7,CS(=O)(=O)OCCCCOS(=O)(=O)C,,,,,,,,,,
carmustine,2578,8,C(CCl)NC(=O)N(CCCl)N=O,,,,,,,,,,
celecoxib,2662,9,CC1=CC=C(C=C1)C2=CC(=NN2C3=CC=C(C=C3)S(=O)(=O)N)C(F)(F)F,,,,,,,,,,
chlorambucil,2708,10,C1=CC(=CC=C1CCCC(=O)O)N(CCCl)CCCl,,,,,,,,,,
chloroquine,2719,11,CCN(CC)CCCC(C)NC1=C2C=CC(=CC2=NC=C1)Cl,,,,,,,,,,
clomiphene,2800,12,CCN(CC)CCOC1=CC=C(C=C1)C(=C(C2=CC=CC=C2)Cl)C3=CC=CC=C3,,,,,,,,,,
cyclophosphamide,2907,13,C1CNP(=O)(OC1)N(CCCl)CCCl,,,,,,,,,,
LSM-4270,3143,14,CC1=C2C(C(=O)C3(C(CC4C(C3C(C(C2(C)C)(CC1OC(=O)C(C(C5=CC=CC=C5)NC(=O)OC(C)(C)C)O)O)OC(=O)C6=CC=CC=C6)(CO4)OC(=O)C)O)C)O,,,,,,,,,,
Fludarabine Base,3367,15,C1=NC2=C(N=C(N=C2N1C3C(C(C(O3)CO)O)O)F)N,,,,,,,,,,
5-Fluorouracil,3385,16,C1=C(C(=O)NC(=O)N1)F,,,,,,,,,,
3'-Epi Gemcitabine (Gemcitabine Impurity),3461,17,C1=CN(C(=O)N=C1N)C2C(C(C(O2)CO)O)(F)F,,,,,,,,,,
hydroxyurea,3657,18,C(=O)(N)NO,,,,,,,,,,
NSC256439,3685,19,CC1C(C(CC(O1)OC2CC(CC3=C2C(=C4C(=C3O)C(=O)C5=CC=CC=C5C4=O)O)(C(=O)C)O)N)O,,,,,,,,,,
ifosfamide,3690,20,C1CN(P(=O)(OC1)NCCCl)CCCl,,,,,,,,,,
letrozole,3902,21,C1=CC(=CC=C1C#N)C(C2=CC=C(C=C2)C#N)N3C=NC=N3,,,,,,,,,,
lomustine,3950,22,C1CCC(CC1)NC(=O)N(CCCl)N=O,,,,,,,,,,
methoxsalen,4114,23,COC1=C2C(=CC3=C1OC=C3)C=CC(=O)O2,,,,,,,,,,
mitotane,4211,24,C1=CC=C(C(=C1)C(C2=CC=C(C=C2)Cl)C(Cl)Cl)Cl,,,,,,,,,,
mitoxantrone,4212,25,C1=CC(=C2C(=C1NCCNCCO)C(=O)C3=C(C=CC(=C3C2=O)O)O)NCCNCCO,,,,,,,,,,
Entinostat,4261,26,C1=CC=C(C(=C1)N)NC(=O)C2=CC=C(C=C2)CNC(=O)OCC3=CN=CC=C3,,,,,,,,,,
pipobroman,4842,27,C1CN(CCN1C(=O)CCBr)C(=O)CCBr,,,,,,,,,,
raloxifene,5035,28,C1CCN(CC1)CCOC2=CC=C(C=C2)C(=O)C3=C(SC4=C3C=CC(=C4)O)C5=CC=C(C=C5)O,,,,,,,,,,
Imatinib,5291,29,CC1=C(C=C(C=C1)NC(=O)C2=CC=C(C=C2)CN3CCN(CC3)C)NC4=NC=CC(=N4)C5=CN=CC=C5,,,,,,,,,,
Vorinostat,5311,30,C1=CC=C(C=C1)NC(=O)CCCCCCC(=O)NO,,,,,,,,,,
temozolomide,5394,31,CN1C(=O)N2C=NC(=C2N=N1)C(=O)N,,,,,,,,,,
thalidomide,5426,32,C1CC(=O)NC(=O)C1N2C(=O)C3=CC=CC=C3C2=O,,,,,,,,,,
thiotepa,5453,33,C1CN1P(=S)(N2CC2)N3CC3,,,,,,,,,,
mitomycin C,5746,34,CC1=C(C(=O)C2=C(C1=O)N3C[C@H]4[C@@H]([C@@]3([C@@H]2COC(=O)N)OC)N4)N,,,,,,,,,,
5-Fluoro-2'-deoxyuridine,5790,35,C1[C@@H]([C@H](O[C@H]1N2C=C(C(=O)NC2=O)F)CO)O,,,,,,,,,,
Triethylenemelamine,5799,36,C1CN1C2=NC(=NC(=N2)N3CC3)N4CC4,,,,,,,,,,
55-86-7,5935,37,CN(CCCl)CCCl.Cl,,,,,,,,,,
colchicine,6167,38,CC(=O)N[C@H]1CCC2=CC(=C(C(=C2C3=CC=C(C(=O)C=C13)OC)OC)OC)OC,,,,,,,,,,
Uramustine,6194,39,C1=C(C(=O)NC(=O)N1)N(CCCl)CCCl,,,,,,,,,,
Quinacrine hydrochloride,6239,40,CCN(CC)CCCC(C)NC1=C2C=C(C=CC2=NC3=C1C=CC(=C3)Cl)OC.Cl.Cl,,,,,,,,,,
CYTARABINE HYDROCHLORIDE,6252,41,C1=CN(C(=O)N=C1N)[C@H]2[C@H]([C@@H]([C@H](O2)CO)O)O.Cl,,,,,,,,,,
5-azacytidine,9444,42,C1=NC(=NC(=O)N1[C@H]2[C@@H]([C@@H]([C@H](O2)CO)O)O)N,,,,,,,,,,
Procarbazine hydrochloride,9703,43,CC(C)NC(=O)C1=CC=C(C=C1)CNNC.Cl,,,,,,,,,,
MEGESTROL ACETATE,11683,44,CC1=C[C@@H]2[C@H](CC[C@]3([C@H]2CC[C@@]3(C(=O)C)OC(=O)C)C)[C@@]4(C1=CC(=O)CC4)C,,,,,,,,,,
Zanosar,29327,45,CN(C(=O)N[C@@H]1[C@H]([C@@H]([C@H](O[C@@H]1O)CO)O)O)N=O,,,,,,,,,,
ADM hydrochloride,32874,46,CC1C(C(CC(O1)O[C@H]2C[C@@](CC3=C2C(=C4C(=C3O)C(=O)C5=C(C4=O)C(=CC=C5)OC)O)(C(=O)CO)O)N)O.Cl,,,,,,,,,,
paclitaxel,36314,47,CC1=C2[C@H](C(=O)[C@@]3([C@H](C[C@@H]4[C@]([C@H]3[C@@H]([C@@](C2(C)C)(C[C@@H]1OC(=O)[C@@H]([C@H](C5=CC=CC=C5)NC(=O)C6=CC=CC=C6)O)O)OC(=O)C7=CC=CC=C7)(CO4)OC(=O)C)O)C)OC(=O)C,,,,,,,,,,
Vepesid J,36462,48,C[C@@H]1OC[C@@H]2[C@@H](O1)[C@@H]([C@H]([C@@H](O2)O[C@H]3[C@H]4COC(=O)[C@@H]4[C@@H](C5=CC6=C(C=C35)OCO6)C7=CC(=C(C(=C7)OC)O)OC)O)O,,,,,,,,,,
Carboplatinum,38904,49,C1CC(C1)(C(=O)O)C(=O)O.N.N.[Pt],,,,,,,,,,
Co-V,40926,50,C1[C@H](C2=C(NC=N1)N(C=N2)C3CC(C(O3)CO)O)O,,,,,,,,,,
IMIQUIMOD,57469,51,CC(C)CN1C=NC2=C1C3=CC=CC=C3N=C2N,,,,,,,,,,
EXEMESTANE,60198,52,C[C@]12CC[C@H]3[C@H]([C@@H]1CCC2=O)CC(=C)C4=CC(=O)C=C[C@]34C,,,,,,,,,,
TOPOTECAN HYDROCHLORIDE,60699,53,CC[C@@]1(C2=C(COC1=O)C(=O)N3CC4=CC5=C(C=CC(=C5CN(C)C)O)N=C4C3=C2)O.Cl,,,,,,,,,,
topotecan,60700,54,CC[C@@]1(C2=C(COC1=O)C(=O)N3CC4=CC5=C(C=CC(=C5CN(C)C)O)N=C4C3=C2)O,,,,,,,,,,
23541-50-6,62770,55,C[C@H]1[C@H]([C@H](C[C@@H](O1)O[C@H]2C[C@@](CC3=C2C(=C4C(=C3O)C(=O)C5=C(C4=O)C(=CC=C5)OC)O)(C(=O)C)O)N)O.Cl,,,,,,,,,,
Sertraline hydrochloride,63009,56,CN[C@H]1CC[C@H](C2=CC=CC=C12)C3=CC(=C(C=C3)Cl)Cl.Cl,,,,,,,,,,
Toxoflavin,66541,57,CN1C2=NC(=O)N(C(=O)C2=NC=N1)C,,,,,,,,,,
Zoledronic acid,68740,58,C1=CN(C=N1)CC(O)(P(=O)(O)O)P(=O)(O)O,,,,,,,,,,
Dexrazoxane,71384,59,C[C@@H](CN1CC(=O)NC(=O)C1)N2CC(=O)NC(=O)C2,,,,,,,,,,
Bendamustine hydrochloride,77082,60,CN1C2=C(C=C(C=C2)N(CCCl)CCCl)N=C1CCCC(=O)O.Cl,,,,,,,,,,
7803-88-5,96312,61,COC1=NC(=NC2=C1N=CN2[C@H]3[C@@H]([C@@H]([C@H](O3)CO)O)O)N,,,,,,,,,,
Fulvestrant,104741,62,C[C@]12CC[C@H]3[C@H]([C@@H]1CC[C@@H]2O)[C@@H](CC4=C3C=CC(=C4)O)CCCCCCCCCS(=O)CCCC(C(F)(F)F)(F)F,,,,,,,,,,
7-Ethyl-10-hydroxycamptothecin,104842,63,CCC1=C2CN3C(=CC4=C(C3=O)COC(=O)[C@@]4(CC)O)C2=NC5=C1C=C(C=C5)O,,,,,,,,,,
5-Aminolevulinic acid hydrochloride,123608,64,C(CC(=O)O)C(=O)CN.Cl,,,,,,,,,,
Gefitinib,123631,65,COC1=C(C=C2C(=C1)N=CN=C2NC3=CC(=C(C=C3)F)Cl)OCCCN4CCOCC4,,,,,,,,,,
methotrexate,126941,66,CN(CC1=CN=C2C(=N1)C(=NC(=N2)N)N)C3=CC=C(C=C3)C(=O)N[C@@H](CCC(=O)O)C(=O)O,,,,,,,,,,
Abiraterone,132971,67,C[C@]12CC[C@@H](CC1=CC[C@@H]3[C@@H]2CC[C@]4([C@H]3CC=C4C5=CN=CC=C5)C)O,,,,,,,,,,
Pralatrexate,148121,68,C#CCC(CC1=CN=C2C(=N1)C(=NC(=N2)N)N)C3=CC=C(C=C3)C(=O)N[C@@H](CCC(=O)O)C(=O)O,,,,,,,,,,
docetaxel,148124,69,CC1=C2[C@H](C(=O)[C@@]3([C@H](C[C@@H]4[C@]([C@H]3[C@@H]([C@@](C2(C)C)(C[C@@H]1OC(=O)[C@@H]([C@H](C5=CC=CC=C5)NC(=O)OC(C)(C)C)O)O)OC(=O)C6=CC=CC=C6)(CO4)OC(=O)C)O)C)O,,,,,,,,,,
Perifosine,148177,70,CCCCCCCCCCCCCCCCCCOP(=O)([O-])OC1CC[N+](CC1)(C)C,,,,,,,,,,
Lonafarnib,148195,71,C1CN(CCC1CC(=O)N2CCC(CC2)[C@@H]3C4=C(CCC5=C3N=CC(=C5)Br)C=C(C=C4Br)Cl)C(=O)N,,,,,,,,,,
Doramapimod,156422,72,CC1=CC=C(C=C1)N2C(=CC(=N2)C(C)(C)C)NC(=O)NC3=CC=C(C4=CC=CC=C43)OCCN5CCOCC5,,,,,,,,,,
MITHRAMYCIN,163659,73,C[C@@H]1[C@H]([C@@H](C[C@@H](O1)O[C@@H]2C[C@@H](O[C@@H]([C@H]2O)C)OC3=CC4=CC5=C(C(=O)[C@H]([C@@H](C5)[C@@H](C(=O)[C@H]([C@@H](C)O)O)OC)O[C@H]6C[C@H]([C@@H]([C@H](O6)C)O)O[C@H]7C[C@H]([C@H]([C@H](O7)C)O)O[C@H]8C[C@]([C@@H]([C@H](O8)C)O)(C)O)C(=C4C(=C3C)O)O)O)O,,,,,,,,,,
Enzastaurin,176167,74,CN1C=C(C2=CC=CC=C21)C3=C(C(=O)NC3=O)C4=CN(C5=CC=CC=C54)C6CCN(CC6)CC7=CC=CC=N7,,,,,,,,,,
Erlotinib hydrochloride,176871,75,COCCOC1=C(C=C2C(=C1)C(=NC=N2)NC3=CC=CC(=C3)C#C)OCCOC.Cl,,,,,,,,,,
Lapatinib,208908,76,CS(=O)(=O)CCNCC1=CC=C(O1)C2=CC3=C(C=C2)N=CN=C3NC4=CC(=C(C=C4)OCC5=CC(=CC=C5)F)Cl,,,,,,,,,,
Sorafenib,216239,77,CNC(=O)C1=NC=CC(=C1)OC2=CC=C(C=C2)NC(=O)NC3=CC(=C(C=C3)Cl)C(F)(F)F,,,,,,,,,,
Lenalidomide,216326,78,C1CC(=O)NC(=O)C1N2CC3=C(C2=O)C=CC=C3N,,,,,,,,,,
Vinblastine sulfate,241902,79,CC[C@@]1(C[C@@H]2C[C@@](C3=C(CCN(C2)C1)C4=CC=CC=C4N3)(C5=C(C=C6C(=C5)[C@]78CCN9[C@H]7[C@@](C=CC9)([C@H]([C@@]([C@@H]8N6C)(C(=O)OC)O)OC(=O)C)CC)OC)C(=O)OC)O.OS(=O)(=O)O,,,,,,,,,,
Vincristine sulfate,249332,80,CC[C@@]1(C[C@@H]2C[C@@](C3=C(CCN(C2)C1)C4=CC=CC=C4N3)(C5=C(C=C6C(=C5)[C@]78CCN9[C@H]7[C@@](C=CC9)([C@H]([C@@]([C@@H]8N6C=O)(C(=O)OC)O)OC(=O)C)CC)OC)C(=O)OC)O.OS(=O)(=O)O,,,,,,,,,,
CHEMBL277800,354624,81,C1=NC2=C(N=C(N=C2N1C3C(C(C(O3)CO)O)F)Cl)N,,,,,,,,,,
122111-05-1,356653,82,C1=CN(C(=O)N=C1N)C2C(C(C(O2)CO)O)(F)F.Cl,,,,,,,,,,
Bortezomib,387447,83,B([C@H](CC(C)C)NC(=O)[C@H](CC1=CC=CC=C1)NC(=O)C2=NC=CN=C2)(O)O,,,,,,,,,,
158798-73-3,400633,84,CCCCCOC(=O)NC1=NC(=O)N(C=C1F)C2C(C(C(O2)C)O)O,,,,,,,,,,
41575-94-4,426756,85,C1CC(C1)(C(=O)O)C(=O)O.[NH2-].[NH2-].[Pt+2],,,,,,,,,,
cis-Platin,441203,86,N.N.Cl[Pt+2]Cl,,,,,,,,,,
Retinoic acid,444795,87,CC1=C(C(CCC1)(C)C)/C=C/C(=C/C=C/C(=C/C(=O)O)/C)/C,,,,,,,,,,
4-Hydroxytamoxifen,449459,88,CC/C(=C(\\C1=CC=C(C=C1)O)/C2=CC=C(C=C2)OCCN(C)C)/C3=CC=CC=C3,,,,,,,,,,
NSC-127716,451668,89,C1[C@@H]([C@H](O[C@H]1N2C=NC(=NC2=O)N)CO)O,,,,,,,,,,
teniposide,452548,90,COC1=CC(=CC(=C1O)OC)[C@H]2[C@@H]3[C@H](COC3=O)[C@@H](C4=CC5=C(C=C24)OCO5)O[C@H]6[C@@H]([C@H]([C@H]7[C@H](O6)CO[C@H](O7)C8=CC=CS8)O)O,,,,,,,,,,
Antibiotic AD 32,454216,91,CCCCC(=O)OCC(=O)[C@]1(C[C@@H](C2=C(C1)C(=C3C(=C2O)C(=O)C4=C(C3=O)C=CC=C4OC)O)O[C@H]5C[C@@H]([C@@H]([C@@H](O5)C)O)NC(=O)C(F)(F)F)O,,,,,,,,,,
actinomycin D,457193,92,C[C@@H]1[C@@H](C(=O)N[C@@H](C(=O)N2CCC[C@H]2C(=O)N(CC(=O)N([C@H](C(=O)O1)C(C)C)C)C)C(C)C)NC(=O)C3=C4C(=C(C=C3)C)OC5=C(C(=O)C(=C(C5=N4)C(=O)N[C@H]6[C@H](OC(=O)[C@@H](N(C(=O)CN(C(=O)[C@@H]7CCCN7C(=O)[C@H](NC6=O)C(C)C)C)C)C(C)C)C)N)C,,,,,,,,,,
Nilotinib,644241,93,CC1=C(C=C(C=C1)C(=O)NC2=CC(=CC(=C2)C(F)(F)F)N3C=C(N=C3)C)NC4=NC=CC(=N4)C5=CN=CC=C5,,,,,,,,,,
6-Mercaptopurine,667490,94,C1=NC2=C(N1)C(=S)N=CN2,,,,,,,,,,
10058-F4,1271002,95,CCC1=CC=C(C=C1)/C=C/2\\C(=O)NC(=S)S2,,,,,,,,,,
Idrocilamide,1550874,96,C1=CC=C(C=C1)/C=C/C(=O)NCCO,,,,,,,,,,
6-Thioguanine,2723601,97,C1=NC2=C(N1)C(=S)N=C(N2)N,,,,,,,,,,
Tamoxifen citrate,2733525,98,CC/C(=C(\\C1=CC=CC=C1)/C2=CC=C(C=C2)OCCN(C)C)/C3=CC=CC=C3.C(C(=O)O)C(CC(=O)O)(C(=O)O)O,,,,,,,,,,
tamoxifen,2733526,99,CC/C(=C(\\C1=CC=CC=C1)/C2=CC=C(C=C2)OCCN(C)C)/C3=CC=CC=C3,,,,,,,,,,
Stattic,2779853,100,C1=CC(=CC2=C1C=CS2(=O)=O)[N+](=O)[O-],,,,,,,,,,
TOREMIFENE CITRATE,3005572,101,CN(C)CCOC1=CC=C(C=C1)/C(=C(/CCCl)\\C2=CC=CC=C2)/C3=CC=CC=C3.C(C(=O)O)C(CC(=O)O)(C(=O)O)O,,,,,,,,,,
Clomifene citrate,3033832,102,CCN(CC)CCOC1=CC=C(C=C1)/C(=C(/C2=CC=CC=C2)\\Cl)/C3=CC=CC=C3.C(C(=O)O)C(CC(=O)O)(C(=O)O)O,,,,,,,,,,
Dasatinib,3062316,103,CC1=C(C(=CC=C1)Cl)NC(=O)C2=CN=C(S2)NC3=CC(=NC(=N3)C)N4CCN(CC4)CCO,,,,,,,,,,
Vandetanib,3081361,104,CN1CCC(CC1)COC2=C(C=C3C(=C2)N=CN=C3NC4=C(C=C(C=C4)Br)F)OC,,,,,,,,,,
Antibiotic AY 22989,5284616,105,C[C@@H]1CC[C@H]2C[C@@H](/C(=C/C=C/C=C/[C@H](C[C@H](C(=O)[C@@H]([C@@H](/C(=C/[C@H](C(=O)C[C@H](OC(=O)[C@@H]3CCCCN3C(=O)C(=O)[C@@]1(O2)O)[C@H](C)C[C@@H]4CC[C@H]([C@@H](C4)OC)O)C)/C)O)OC)C)C)/C)OC,,,,,,,,,,
vinorelbine,5311497,106,CCC1=C[C@H]2C[C@@](C3=C(CN(C2)C1)C4=CC=CC=C4N3)(C5=C(C=C6C(=C5)[C@]78CCN9[C@H]7[C@@](C=CC9)([C@H]([C@@]([C@@H]8N6C)(C(=O)OC)O)OC(=O)C)CC)OC)C(=O)OC,,,,,,,,,,
Sunitinib,5329102,107,CCN(CC)CCNC(=O)C1=C(NC(=C1C)/C=C\\2/C3=C(C=CC(=C3)F)NC2=O)C,,,,,,,,,,
Romidepsin,5352062,108,C/C=C\\1/C(=O)N[C@H](C(=O)O[C@H]\\2CC(=O)N[C@@H](C(=O)N[C@H](CSSCC/C=C2)C(=O)N1)C(C)C)C(C)C,,,,,,,,,,
bleomycin,5360373,109,CC1=C(N=C(N=C1N)[C@H](CC(=O)N)NC[C@@H](C(=O)N)N)C(=O)N[C@@H]([C@H](C2=CN=CN2)OC3C(C(C(C(O3)CO)O)O)OC4C(C(C(C(O4)CO)O)OC(=O)N)O)C(=O)N[C@H](C)[C@H]([C@H](C)C(=O)N[C@@H]([C@@H](C)O)C(=O)NCCC5=NC(=CS5)C6=NC(=CS6)C(=O)NCCC[S+](C)C)O,,,,,,,,,,
301836-43-1,6419753,110,C1COC2=C(O1)C=CC(=C2)C3=C(NC(=N3)C4=CC=C(C=C4)C(=O)N)C5=CC=CC=N5,,,,,,,,,,
NSC733504,6442177,111,C[C@@H]1CC[C@H]2C[C@@H](/C(=C/C=C/C=C/[C@H](C[C@H](C(=O)[C@@H]([C@@H](/C(=C/[C@H](C(=O)C[C@H](OC(=O)[C@@H]3CCCCN3C(=O)C(=O)[C@@]1(O2)O)[C@H](C)C[C@@H]4CC[C@H]([C@@H](C4)OC)OCCO)C)/C)O)OC)C)C)/C)OC,,,,,,,,,,
Ixabepilone,6445540,112,C[C@H]1CCC[C@@]2([C@@H](O2)C[C@H](NC(=O)C[C@@H](C(C(=O)[C@@H]([C@H]1O)C)(C)C)O)/C(=C/C3=CSC(=N3)C)/C)C,,,,,,,,,,
Axitinib,6450551,113,CNC(=O)C1=CC=CC=C1SC2=CC3=C(C=C2)C(=NN3)/C=C/C4=CC=CC=N4,,,,,,,,,,
Temsirolimus,6918289,114,C[C@@H]1CC[C@H]2C[C@@H](/C(=C/C=C/C=C/[C@H](C[C@H](C(=O)[C@@H]([C@@H](/C(=C/[C@H](C(=O)C[C@H](OC(=O)[C@@H]3CCCCN3C(=O)C(=O)[C@@]1(O2)O)[C@H](C)C[C@@H]4CC[C@H]([C@@H](C4)OC)OC(=O)C(C)(CO)CO)C)/C)O)OC)C)C)/C)OC,,,,,,,,,,
391210-10-9,9826528,115,C1=CC(=C(C=C1I)F)NC2=C(C=CC(=C2F)F)C(=O)NOC[C@@H](CO)O,,,,,,,,,,
CABAZITAXEL,9854073,116,CC1=C2[C@H](C(=O)[C@@]3([C@H](C[C@@H]4[C@]([C@H]3[C@@H]([C@@](C2(C)C)(C[C@@H]1OC(=O)[C@@H]([C@H](C5=CC=CC=C5)NC(=O)OC(C)(C)C)O)O)OC(=O)C6=CC=CC=C6)(CO4)OC(=O)C)OC)C)OC,,,,,,,,,,
SB-505124,9858940,117,CC1=NC(=CC=C1)C2=C(N=C(N2)C(C)(C)C)C3=CC4=C(C=C3)OCO4,,,,,,,,,,
5Z-7-Oxozeaenol,9863776,118,C[C@H]1C/C=C\\C(=O)[C@H]([C@H](C/C=C/C2=C(C(=CC(=C2)OC)O)C(=O)O1)O)O,,,,,,,,,,
PI-103,9884685,119,C1COCCN1C2=NC(=NC3=C2OC4=C3C=CC=N4)C5=CC(=CC=C5)O,,,,,,,,,,
SF1670,9926586,120,CC(C)(C)C(=O)NC1=CC2=C(C=C1)C3=CC=CC=C3C(=O)C2=O,,,,,,,,,,
Melphalan hydrochloride,9927978,121,C1=CC(=CC=C1C[C@@H](C(=O)O)N)N(CCCl)CCCl.Cl,,,,,,,,,,
Cediranib,9933475,122,CC1=CC2=C(N1)C=CC(=C2F)OC3=NC=NC4=CC(=C(C=C43)OC)OCCCN5CCCC5,,,,,,,,,,
CHIR-99021,9956119,123,CC1=CN=C(N1)C2=CN=C(N=C2C3=C(C=C(C=C3)Cl)Cl)NCCNC4=NC=C(C=C4)C#N,,,,,,,,,,
Selumetinib,10127622,124,CN1C=NC2=C1C=C(C(=C2F)NC3=C(C=C(C=C3)Br)Cl)C(=O)NOCCO,,,,,,,,,,
Apilimod,10173277,125,CC1=CC(=CC=C1)/C=N/NC2=CC(=NC(=N2)OCCC3=CC=CC=N3)N4CCOCC4,,,,,,,,,,
Afatinib,10184653,126,CN(C)C/C=C/C(=O)NC1=C(C=C2C(=C1)C(=NC=N2)NC3=CC(=C(C=C3)F)Cl)O[C@H]4CCOC4,,,,,,,,,,
AZD7762,11152667,127,C1C[C@@H](CNC1)NC(=O)C2=C(C=C(S2)C3=CC(=CC=C3)F)NC(=O)N,,,,,,,,,,
Regorafenib,11167602,128,CNC(=O)C1=NC=CC(=C1)OC2=CC(=C(C=C2)NC(=O)NC3=CC(=C(C=C3)Cl)C(F)(F)F)F,,,,,,,,,,
781661-94-7,11178236,129,CC1=[N+](C2=C(N1CCOC)C(=O)C3=CC=CC=C3C2=O)CC4=NC=CN=C4.[Br-],,,,,,,,,,
841290-80-0,11213558,130,CC1(C(=O)NC2=C(O1)C=CC(=N2)NC3=NC(=NC=C3F)NC4=CC(=C(C(=C4)OC)OC)OC)C,,,,,,,,,,
503468-95-9,11327430,131,C1COCCN1C2=CC(=O)C3=C(O2)C(=CC=C3)C4=CC=CC5=C4SC6=CC=CC=C56,,,,,,,,,,
GSK429286A,11373846,132,CC1=C(C(CC(=O)N1)C2=CC=C(C=C2)C(F)(F)F)C(=O)NC3=C(C=C4C(=C3)C=NN4)F,,,,,,,,,,
Sapitinib,11488320,133,CNC(=O)CN1CCC(CC1)OC2=C(C=C3C(=C2)C(=NC=N3)NC4=C(C(=CC=C4)Cl)F)OC,,,,,,,,,,
Tivantinib,11494412,134,C1CC2=C3C(=CC=C2)C(=CN3C1)[C@H]4[C@@H](C(=O)NC4=O)C5=CNC6=CC=CC=C65,,,,,,,,,,
Deforolimus,11520894,135,C[C@@H]1CC[C@H]2C[C@@H](/C(=C/C=C/C=C/[C@H](C[C@H](C(=O)[C@@H]([C@@H](/C(=C/[C@H](C(=O)C[C@H](OC(=O)[C@@H]3CCCCN3C(=O)C(=O)[C@@]1(O2)O)[C@H](C)C[C@@H]4CC[C@H]([C@@H](C4)OC)OP(=O)(C)C)C)/C)O)OC)C)C)/C)OC,,,,,,,,,,
Pazopanib hydrochloride,11525740,136,CC1=C(C=C(C=C1)NC2=NC=CC(=N2)N(C)C3=CC4=NN(C(=C4C=C3)C)C)S(=O)(=O)N.Cl,,,,,,,,,,
Carfilzomib,11556711,137,CC(C)C[C@@H](C(=O)[C@]1(CO1)C)NC(=O)[C@H](CC2=CC=CC=C2)NC(=O)[C@H](CC(C)C)NC(=O)[C@H](CCC3=CC=CC=C3)NC(=O)CN4CCOCC4,,,,,,,,,,
Idelalisib,11625818,138,CC[C@@H](C1=NC2=C(C(=CC=C2)F)C(=O)N1C3=CC=CC=C3)NC4=NC=NC5=C4NC=N5,,,,,,,,,,
Crizotinib,11626560,139,C[C@H](C1=C(C=CC(=C1Cl)F)Cl)OC2=C(N=CC(=C2)C3=CN(N=C3)C4CCNCC4)N,,,,,,,,,,
RAF265,11656518,140,CN1C2=C(C=C(C=C2)OC3=CC(=NC=C3)C4=NC=C(N4)C(F)(F)F)N=C1NC5=CC=C(C=C5)C(F)(F)F,,,,,,,,,,
Trametinib,11707110,141,CC1=C2C(=C(N(C1=O)C)NC3=C(C=C(C=C3)I)F)C(=O)N(C(=O)N2C4=CC=CC(=C4)NC(=O)C)C5CC5,,,,,,,,,,
GDC-0879,11717001,142,C1C/C(=N\\O)/C2=C1C=C(C=C2)C3=CN(N=C3C4=CC=NC=C4)CCO,,,,,,,,,,
Onalespib,11955716,143,CC(C)C1=CC(=C(C=C1O)O)C(=O)N2CC3=C(C2)C=C(C=C3)CN4CCN(CC4)C,,,,,,,,,,
Buparlisib,16654980,144,C1COCCN1C2=NC(=NC(=C2)C3=CN=C(C=C3C(F)(F)F)N)N4CCOCC4,,,,,,,,,,
AZD1480,16659841,145,CC1=CC(=NN1)NC2=NC(=NC=C2Cl)N[C@@H](C)C3=NC=C(C=N3)F,,,,,,,,,,
803712-79-0,16681698,146,CC1=CC(=C(N1)/C=C\\2/C(=C/C(=C/3\\C=C4C=CC=CC4=N3)/N2)OC)C.CS(=O)(=O)O,,,,,,,,,,
946128-88-7,16719221,147,CC1=C(C(=O)OC2=C1C=CC(=C2)OC3=NC=CC=N3)CC4=C(C(=NC=C4)NS(=O)(=O)NC)F,,,,,,,,,,
Pevonedistat,16720766,148,C1CC2=CC=CC=C2[C@H]1NC3=C4C=CN(C4=NC=N3)[C@@H]5C[C@H]([C@H](C5)O)COS(=O)(=O)N,,,,,,,,,,
AZ12419304,16750158,149,CC1=C(C=C(C=C1)C(=O)NC2=CC(=NC=C2)C(F)(F)F)NC3=CC4=C(C=C3)N=CN(C4=O)C,,,,,,,,,,
PF-04217903,17754438,150,C1=CC2=C(C=CC(=C2)CN3C4=NC(=CN=C4N=N3)C5=CN(N=C5)CCO)N=C1,,,,,,,,,,
957054-30-7,17755052,151,CS(=O)(=O)N1CCN(CC1)CC2=CC3=C(S2)C(=NC(=N3)C4=C5C=NNC5=CC=C4)N6CCOCC6,,,,,,,,,,
BI605906,23652660,152,CCC(C1=CC(=NC2=C1C(=C(S2)C(=O)N)N)N3CCC(CC3)S(=O)(=O)C)(F)F,,,,,,,,,,
Olaparib,23725625,153,C1CC1C(=O)N2CCN(CC2)C(=O)C3=C(C=CC(=C3)CC4=NNC(=O)C5=CC=CC=C54)F,,,,,,,,,,
Eloxatin (TN) (Sanofi Synthelab),24197464,154,C1CC[C@H]([C@@H](C1)N)N.C(=O)(C(=O)[O-])[O-].[Pt+4],,,,,,,,,,
Vismodegib,24776445,155,CS(=O)(=O)C1=CC(=C(C=C1)C(=O)NC2=CC(=C(C=C2)Cl)C3=CC=CC=N3)Cl,,,,,,,,,,
MK-1775,24856436,156,CC(C)(C1=NC(=CC=C1)N2C3=NC(=NC=C3C(=O)N2CC=C)NC4=CC=C(C=C4)N5CCN(CC5)C)O,,,,,,,,,,
MK-2206,24964624,157,C1CC(C1)(C2=CC=C(C=C2)C3=C(C=C4C(=N3)C=CN5C4=NNC5=O)C6=CC=CC=C6)N,,,,,,,,,,
Navitoclax,24978538,158,CC1(CCC(=C(C1)CN2CCN(CC2)C3=CC=C(C=C3)C(=O)NS(=O)(=O)C4=CC(=C(C=C4)N[C@H](CCN5CCOCC5)CSC6=CC=CC=C6)S(=O)(=O)C(F)(F)F)C7=CC=C(C=C7)Cl)C,,,,,,,,,,
BI-D1870,25023738,159,CC1C(=O)N(C2=CN=C(N=C2N1CCC(C)C)NC3=CC(=C(C(=C3)F)O)F)C,,,,,,,,,,
PF-04691502,25033539,160,CC1=C2C=C(C(=O)N(C2=NC(=N1)N)C3CCC(CC3)OCCO)C4=CN=C(C=C4)OC,,,,,,,,,,
Ruxolitinib,25126798,161,C1CCC(C1)[C@@H](CC#N)N2C=C(C=N2)C3=C4C=CNC4=NC=N3,,,,,,,,,,
Navelbine ditartrate (TN),25136944,162,CCC1=C[C@H]2C[C@@](C3=C(CN(C2)C1)C4=CC=CC=C4N3)(C5=C(C=C6C(=C5)[C@]78CCN9[C@H]7[C@@](C=CC9)([C@H]([C@@]([C@@H]8N6C)(C(=O)OC)O)OC(=O)C)CC)OC)C(=O)OC.[C@@H]([C@H](C(=O)O)O)(C(=O)O)O,,,,,,,,,,
AZD5363,25227436,163,C1CN(CCC1(C(=O)N[C@@H](CCO)C2=CC=C(C=C2)Cl)N)C3=NC=NC4=C3C=CN4,,,,,,,,,,
AZD2014,25262792,164,C[C@H]1COCCN1C2=NC(=NC3=C2C=CC(=N3)C4=CC(=CC=C4)C(=O)NC)N5CCOC[C@@H]5C,,,,,,,,,,
Vemurafenib,42611257,165,CCCS(=O)(=O)NC1=C(C(=C(C=C1)F)C(=O)C2=CNC3=C2C=C(C=N3)C4=CC=C(C=C4)Cl)F,,,,,,,,,,
AZD2461,44199317,166,COC1CCN(CC1)C(=O)C2=C(C=CC(=C2)CC3=NNC(=O)C4=CC=CC=C43)F,,,,,,,,,,
TNF-Alpha,44356648,167,CC(C)C[C@@H](C(=O)N[C@@H](CO)C(=O)O)NC(=O)[C@H](CCCN=C(N)N)NC(=O)[C@H](CC(=O)O)NC(=O)CNC(=O)[C@H](CCCCN)N,,,,,,,,,,
PRT062607,44462758,168,C1CC[C@H]([C@H](C1)N)NC2=NC=C(C(=N2)NC3=CC(=CC=C3)N4N=CC=N4)C(=O)N,,,,,,,,,,
1224844-38-5,45375953,169,CC(C)N1C2=NC=NC(=C2C(=N1)C3=CC4=C(C=C3)OC(=N4)N)N,,,,,,,,,,
GSK2334470,46215815,170,C[C@@H]1CC[C@@H](CN1C2=NC(=NC(=C2)C3=CC4=C(C=C3)C(=NN4)N)NC)C(=O)NC5CCCCC5,,,,,,,,,,
AZ20,46244454,171,C[C@@H]1COCCN1C2=NC(=NC(=C2)C3(CC3)S(=O)(=O)C)C4=C5C=CNC5=CC=C4,,,,,,,,,,
AZD5582,49847690,172,C[C@@H](C(=O)N[C@@H](C1CCCCC1)C(=O)N2CCC[C@H]2C(=O)N[C@@H]3[C@@H](CC4=CC=CC=C34)OCC#CC#CCO[C@@H]5CC6=CC=CC=C6[C@@H]5NC(=O)[C@@H]7CCCN7C(=O)[C@H](C8CCCCC8)NC(=O)[C@H](C)NC)NC,,,,,,,,,,
XL765,49867926,173,CC1=C(C=C(C=C1)C(=O)NC2=CC=C(C=C2)S(=O)(=O)NC3=NC4=CC=CC=C4N=C3NC5=CC(=CC(=C5)OC)OC)OC,,,,,,,,,,
RO4929097,49867930,174,CC(C)(C(=O)NCC(C(F)(F)F)(F)F)C(=O)N[C@H]1C2=CC=CC=C2C3=CC=CC=C3NC1=O,,,,,,,,,,
AZD4547,51039095,175,C[C@@H]1CN(C[C@@H](N1)C)C2=CC=C(C=C2)C(=O)NC3=NNC(=C3)CCC4=CC(=CC(=C4)OC)OC,,,,,,,,,,
AZD8186,52913813,176,C[C@H](C1=CC(=CC2=C1OC(=CC2=O)N3CCOCC3)C(=O)N(C)C)NC4=CC(=CC(=C4)F)F,,,,,,,,,,
Emcyt (Pharmacia),54611422,177,C[C@]12CC[C@H]3[C@H]([C@@H]1CC[C@@H]2OP(=O)(O)O)CCC4=C3C=CC(=C4)OC(=O)N(CCCl)CCCl.[Na+],,,,,,,,,,
NSC707389,54611489,178,C[C@@H]1CC2CC[C@H]3C(=C)C[C@@H](O3)CC[C@]45C[C@@H]6[C@H](O4)[C@H]7[C@@H](O6)[C@@H](O5)[C@@H]8[C@@H](O7)CC[C@@H](O8)CC(=O)C[C@H]9[C@H](C[C@H](C1=C)O2)O[C@@H]([C@@H]9OC)C[C@@H](CN)O.CS(=O)(=O)O,,,,,,,,,,
AZD6738,54761306,179,C[C@@H]1COCCN1C2=NC(=NC(=C2)C3(CC3)[S@](=N)(=O)C)C4=C5C=CNC5=NC=C4,,,,,,,,,,
AZD3463,56599293,180,COC1=C(C=CC(=C1)N2CCC(CC2)N)NC3=NC=C(C(=N3)C4=CNC5=CC=CC=C54)Cl,,,,,,,,,,
alpelisib,56649450,181,CC1=C(SC(=N1)NC(=O)N2CCC[C@H]2C(=O)N)C3=CC(=NC=C3)C(C)(C)C(F)(F)F,,,,,,,,,,
HG-14-10-04,56655374,182,CN1CCN(CC1)C2CCN(CC2)C3=CC(=C(C=C3)NC4=NC=C(C(=N4)C5=CNC6=CC=CC=C65)Cl)OC,,,,,,,,,,
CHEMBL3103192,56946894,183,CC(=O)NC1=C(C=CC(=C1)NC2=NC3=C(C=NN3C(=C2)NC4CC4)C#N)N(C)CCN,,,,,,,,,,
JNK-IN-8,57340686,184,CC1=C(C=CC(=C1)NC(=O)C2=CC(=CC=C2)NC(=O)/C=C/CN(C)C)NC3=NC=CC(=N3)C4=CN=CC=C4,,,,,,,,,,
1309805-49-9,57519543,185,C1CN(C[C@@H]1CN2C3=C(C=NC=C3)N=C2C4=CC=C(C=C4)C5=CC6=C(C=C5)OC=C6)C(=O)C7CC7,,,,,,,,,,
AZD1208,58423153,186,C1C[C@H](CN(C1)C2=C(C=CC=C2C3=CC=CC=C3)/C=C\\4/C(=O)NC(=O)S4)N,,,,,,,,,,
SCHEMBL3315478,68591670,187,COC1=C(C=CC(=C1)N2CCN(CC2)CCO)NC3=NC=C(C(=N3)C4=CN=C5N4C=CC=C5)F,,,,,,,,,,
CHEMBL3348928,73265194,188,CC[C@@H]1[C@@]([C@@H]([C@H](N(C[C@@H](C[C@@]([C@@H]([C@H]([C@@H]([C@H](C(=O)O1)C)O[C@H]2C[C@@]([C@H]([C@@H](O2)C)O)(C)OC)C)O[C@H]3[C@H]([C@H](C[C@H](O3)C)N(C)C)O)(C)O)C)C)C)O)(C)O,,,,,,,,,,
AZD4320,86661883,189,CN(CC[C@H](CSC1=CC=CC=C1)NC2=C(C=C(C=C2)S(=O)(=O)NC(=O)C3=CC=C(C=C3)N4CCC(CC4)[C@H](C5=CC=CC=C5C6=CC=C(C=C6)Cl)O)S(=O)(=O)C(F)(F)F)CCO,,,,,,,,,,
Carboplatin Paclitaxel,131729795,190,CC1=C2[C@H](C(=O)[C@@]3([C@H](C[C@@H]4[C@]([C@H]3[C@@H]([C@@](C2(C)C)(C[C@@H]1OC(=O)[C@@H]([C@H](C5=CC=CC=C5)NC(=O)C6=CC=CC=C6)O)O)OC(=O)C7=CC=CC=C7)(CO4)OC(=O)C)O)C)OC(=O)C.C1CC(C1)(C(=O)O)C(=O)O.N.N.[Pt+2],,,,,,,,,,
SCHEMBL20501483,135330301,191,CC1=C(C=CC(=C1)C2CCC(CC2)CN(C3=CC=CC(=C3)C4=CN=C(S4)OC)C(=O)C5CCC(CC5)C(=O)NCCN(C)C)OC,,,,,,,,,,
Akt inhibitor VIII,135398501,192,C1CN(CCC1N2C3=CC=CC=C3NC2=O)CC4=CC=C(C=C4)C5=C(N=C6C=C7C(=NC=N7)C=C6N5)C8=CC=CC=C8,,,,,,,,,,
dacarbazine,135398738,193,CN(C)/N=N/C1=C(NC=N1)C(=O)N,,,,,,,,,,
allopurinol,135401907,194,C1=NNC2=C1C(=O)NC=N2,,,,,,,,,,
Pemetrexed,135410875,195,C1=CC(=CC=C1CCC2=CNC3=C2C(=O)NC(=N3)N)C(=O)N[C@@H](CCC(=O)O)C(=O)O,,,,,,,,,,
BAY 65-1942,135449292,196,C1CC(CNC1)C2=CC(=NC3=C2COC(=O)N3)C4=C(C=CC=C4OCC5CC5)O,,,,,,,,,,
